Date,Open,High,Low,Close,Adj Close,Volume
12/16/2015,119.800003,123,118.089996,122.639999,122.639999,13181000
12/17/2015,123.970001,126.349998,122.419998,122.510002,122.510002,17284900
12/18/2015,120.849998,122.190002,117.919998,118.019997,118.019997,17948100
12/21/2015,119.510002,119.589996,115.660004,116.629997,116.629997,11670000
12/22/2015,117.300003,117.43,114.860001,116.239998,116.239998,9689000
12/23/2015,116.910004,118.559998,115.779999,118.160004,118.160004,9324300
12/24/2015,118.220001,118.800003,117.300003,117.330002,117.330002,3531300
12/28/2015,117.260002,117.349998,113.849998,117.110001,117.110001,8424300
12/29/2015,118.190002,119.599998,116.919998,119.120003,119.120003,8159200
12/30/2015,118.949997,119.019997,116.43,116.709999,116.709999,8149700
12/31/2015,116.209999,117.459999,114.279999,114.379997,114.379997,9273000
1/4/2016,109,110,105.209999,109.959999,109.959999,20794800
1/5/2016,110.449997,110.580002,105.849998,107.660004,107.660004,17664600
1/6/2016,105.290001,117.910004,104.959999,117.68,117.68,33045700
1/7/2016,116.360001,122.18,112.290001,114.559998,114.559998,33636700
1/8/2016,116.330002,117.720001,111.099998,111.389999,111.389999,18067100
1/11/2016,112.129997,116.790001,111.199997,114.970001,114.970001,21920400
1/12/2016,116.110001,117.779999,115.080002,116.580002,116.580002,15133500
1/13/2016,114.43,114.480003,104.529999,106.559998,106.559998,24921600
1/14/2016,105.650002,109.25,101.209999,107.059998,107.059998,23664800
1/15/2016,102.43,105.5,101.720001,104.040001,104.040001,19775100
1/19/2016,106.57,110.139999,105.550003,107.889999,107.889999,35722800
1/20/2016,108.910004,109.989998,97.050003,107.739998,107.739998,53009400
1/21/2016,108.32,108.510002,102.099998,102.349998,102.349998,31027500
1/22/2016,104.720001,104.989998,99.220001,100.720001,100.720001,26821800
1/25/2016,99.779999,102.68,99,99.120003,99.120003,20321100
1/26/2016,99.739998,100.550003,94.849998,97.830002,97.830002,22083900
1/27/2016,96.610001,97.849998,90.589996,91.150002,91.150002,25556200
1/28/2016,93.839996,95.25,90.110001,94.410004,94.410004,24562300
1/29/2016,92,94.389999,90.629997,91.839996,91.839996,20463900
2/1/2016,91.790001,97.18,91.300003,94.089996,94.089996,19684500
2/2/2016,95.540001,96.650002,90.730003,91.489998,91.489998,21906500
2/3/2016,92.410004,92.690002,86.139999,90.739998,90.739998,27466000
2/4/2016,89.5,91.25,86.540001,89.709999,89.709999,19108600
2/5/2016,88.230003,88.949997,81.860001,82.790001,82.790001,25929300
2/8/2016,80.57,84.699997,79.949997,83.32,83.32,25035600
2/9/2016,81.75,88.400002,81.550003,86.129997,86.129997,25892900
2/10/2016,89,92.209999,87.419998,88.449997,88.449997,23146500
2/11/2016,87.419998,88.389999,82.910004,86.349998,86.349998,21820300
2/12/2016,86.639999,89.720001,85.260002,87.400002,87.400002,19067700
2/16/2016,89,90.139999,87.540001,89.050003,89.050003,16356600
2/17/2016,90.129997,94.769997,89.639999,94.760002,94.760002,18323800
2/18/2016,94.800003,94.900002,90.309998,90.489998,90.489998,17695300
2/19/2016,89.980003,91.400002,88.029999,89.230003,89.230003,14259200
2/22/2016,90.75,93.110001,88.300003,91.93,91.93,16321800
2/23/2016,91.400002,92.489998,89.050003,89.120003,89.120003,12744400
2/24/2016,88.5,91.760002,86.699997,91.610001,91.610001,15972800
2/25/2016,91.080002,94.809998,90.209999,94.529999,94.529999,17898800
2/26/2016,95.300003,97.480003,94.25,94.790001,94.790001,16975200
2/29/2016,94.809998,97.199997,93.339996,93.410004,93.410004,13663100
3/1/2016,94.580002,99.160004,93.610001,98.300003,98.300003,17048800
3/2/2016,98.010002,99.480003,95.900002,97.610001,97.610001,19102800
3/3/2016,97.830002,98.349998,95.389999,97.93,97.93,15320900
3/4/2016,98.760002,102.220001,98.32,101.580002,101.580002,23414600
3/7/2016,101,101.790001,95.25,95.489998,95.489998,23855200
3/8/2016,95,98.279999,94.5,96.230003,96.230003,14797000
3/9/2016,96.82,98.370003,95,98,98,12298700
3/10/2016,98.18,99.739998,95.449997,97.360001,97.360001,17002100
3/11/2016,99.510002,99.599998,96.050003,97.660004,97.660004,15114300
3/14/2016,97.199997,99.419998,97.169998,98.129997,98.129997,11251900
3/15/2016,97.870003,98.510002,96.43,97.860001,97.860001,9691800
3/16/2016,97.529999,99.730003,97.5,99.349998,99.349998,12630500
3/17/2016,99.050003,101.389999,99,99.720001,99.720001,13825000
3/18/2016,100.5,102.410004,100.010002,101.120003,101.120003,15453500
3/21/2016,101.150002,102.099998,99.5,101.059998,101.059998,9578500
3/22/2016,100.480003,101.519997,99.199997,99.839996,99.839996,9069900
3/23/2016,99.75,100.389999,98.809998,99.589996,99.589996,8313500
3/24/2016,98.639999,98.849998,97.07,98.360001,98.360001,10671100
3/28/2016,98.339996,101.440002,97.82,101.209999,101.209999,12432200
3/29/2016,101.080002,104.330002,101,104.129997,104.129997,16008900
3/30/2016,104.650002,104.910004,101.480003,102.190002,102.190002,14705000
3/31/2016,102.43,103.529999,101.050003,102.230003,102.230003,9747500
4/1/2016,102.93,105.790001,102.470001,105.699997,105.699997,14182400
4/4/2016,105.900002,105.919998,103.199997,104.349998,104.349998,10940400
4/5/2016,103.470001,105.75,103.25,104.940002,104.940002,10060900
4/6/2016,105.300003,106.440002,104.25,104.830002,104.830002,9605800
4/7/2016,104.309998,106.440002,103.599998,104.449997,104.449997,10774900
4/8/2016,105.120003,105.330002,102.82,103.809998,103.809998,7857600
4/11/2016,104.040001,104.980003,102.620003,102.68,102.68,7451300
4/12/2016,103.150002,107.220001,102.209999,106.980003,106.980003,12437000
4/13/2016,108,111.279999,107.879997,109.650002,109.650002,16701700
4/14/2016,110.010002,111.639999,109.150002,110.419998,110.419998,9553700
4/15/2016,110.639999,111.849998,109.779999,111.510002,111.510002,11746100
4/18/2016,109.900002,110.699997,106.019997,108.400002,108.400002,32816400
4/19/2016,99.489998,101.370003,94.199997,94.339996,94.339996,55728800
4/20/2016,94.339996,96.980003,93.139999,96.769997,96.769997,26613500
4/21/2016,97.309998,97.379997,94.779999,94.980003,94.980003,19919400
4/22/2016,94.849998,96.690002,94.209999,95.900002,95.900002,15806300
4/25/2016,95.699997,95.75,92.800003,93.559998,93.559998,14985400
4/26/2016,93.5,93.550003,91.25,92.43,92.43,15330900
4/27/2016,92.18,92.5,90.209999,91.040001,91.040001,12218900
4/28/2016,91.5,92.669998,90.089996,90.279999,90.279999,11474900
4/29/2016,90.5,90.559998,88.209999,90.029999,90.029999,13968000
5/2/2016,90.410004,93.220001,89.889999,93.110001,93.110001,12547000
5/3/2016,92.080002,93.25,91.300003,91.540001,91.540001,10593900
5/4/2016,91,92.160004,90.349998,90.790001,90.790001,7394700
5/5/2016,90.910004,92.080002,89.25,89.370003,89.370003,10368500
5/6/2016,88.830002,90.879997,88.110001,90.839996,90.839996,10433900
5/9/2016,90.730003,91.830002,89.900002,90.540001,90.540001,9543700
5/10/2016,91.139999,93.25,91.089996,92.889999,92.889999,11175900
5/11/2016,92.400002,92.589996,89.900002,90.019997,90.019997,11692900
5/12/2016,90.32,90.410004,85.739998,87.739998,87.739998,20408100
5/13/2016,87.389999,88.589996,86.260002,87.879997,87.879997,11571400
5/16/2016,87.559998,90,86.150002,89.120003,89.120003,11247800
5/17/2016,89,90.870003,88.169998,88.629997,88.629997,11571300
5/18/2016,88.25,91.720001,88.25,90.5,90.5,13911800
5/19/2016,90.160004,91.269997,88.300003,89.550003,89.550003,11450300
5/20/2016,90.080002,93.279999,89.980003,92.489998,92.489998,15063000
5/23/2016,92.980003,95.290001,92.849998,94.889999,94.889999,13992300
5/24/2016,95.980003,99.139999,95.75,97.889999,97.889999,21246000
5/25/2016,99,100.309998,98.300003,100.199997,100.199997,15142900
5/26/2016,103.209999,104,101.379997,102.809998,102.809998,17824700
5/27/2016,102.440002,103.5,101.440002,103.300003,103.300003,9092100
5/31/2016,102.949997,103.449997,102.129997,102.57,102.57,8725700
6/1/2016,101.5,101.919998,100.160004,101.510002,101.510002,8393400
6/2/2016,101.389999,102.150002,100.769997,101.25,101.25,7992400
6/3/2016,100.989998,101,98.529999,99.589996,99.589996,9224000
6/6/2016,100.290001,101.07,99.720001,100.739998,100.739998,6828100
6/7/2016,101.199997,101.629997,99.769997,99.889999,99.889999,6474700
6/8/2016,100.019997,100.279999,97.599998,97.860001,97.860001,9423900
6/9/2016,97.220001,98.43,96.660004,97.089996,97.089996,8923800
6/10/2016,94.879997,95.349998,93.279999,93.75,93.75,12907900
6/13/2016,95.019997,97.199997,93.620003,93.849998,93.849998,13484300
6/14/2016,94.160004,95.800003,93.269997,94.120003,94.120003,9480400
6/15/2016,94.610001,95.459999,93.5,94.290001,94.290001,7675400
6/16/2016,94.18,95.559998,93.25,95.440002,95.440002,7550800
6/17/2016,95.75,95.769997,94.199997,94.449997,94.449997,8046800
6/20/2016,95.220001,95.879997,93.650002,93.800003,93.800003,9026400
6/21/2016,93.870003,93.879997,90.769997,90.989998,90.989998,15199700
6/22/2016,90.779999,91.980003,89.769997,90.010002,90.010002,9454700
6/23/2016,90.620003,91.68,88.150002,91.660004,91.660004,10819000
6/24/2016,87.529999,90.489998,87.209999,88.440002,88.440002,11248600
6/27/2016,87.879997,88,84.809998,85.330002,85.330002,13730500
6/28/2016,87.410004,88.879997,86.410004,87.970001,87.970001,11545600
6/29/2016,89.669998,91.970001,88.699997,91.059998,91.059998,11687100
6/30/2016,90.910004,91.720001,89.900002,91.480003,91.480003,9099000
7/1/2016,95,97,94.800003,96.669998,96.669998,16167200
7/5/2016,95.199997,101.269997,93.309998,97.910004,97.910004,25879400
7/6/2016,95.029999,96,93.550003,94.599998,94.599998,16301200
7/7/2016,94.699997,95.379997,93.18,95.099998,95.099998,9913500
7/8/2016,96,97.410004,95.300003,97.059998,97.059998,8335400
7/11/2016,96.190002,96.870003,94.300003,94.669998,94.669998,13276200
7/12/2016,95.07,96.720001,94.089996,95.970001,95.970001,11617400
7/13/2016,96.260002,96.720001,94.800003,96.43,96.43,8768900
7/14/2016,97,98.269997,96.800003,98.019997,98.019997,9885000
7/15/2016,98.519997,98.699997,97.410004,98.389999,98.389999,9041900
7/18/2016,98.43,99.839996,97.239998,98.809998,98.809998,28669700
7/19/2016,85.43,86.75,84.5,85.839996,85.839996,55681200
7/20/2016,86.669998,88.489998,85.82,87.910004,87.910004,23525100
7/21/2016,88.300003,88.379997,85.209999,85.989998,85.989998,16084000
7/22/2016,86.480003,86.5,85.110001,85.889999,85.889999,11363900
7/25/2016,85.730003,87.870003,85.010002,87.660004,87.660004,14135000
7/26/2016,91.029999,93.099998,90.900002,91.410004,91.410004,19577600
7/27/2016,91.5,92.059998,90.099998,92.040001,92.040001,8727500
7/28/2016,91.919998,92.209999,90.68,91.650002,91.650002,6227700
7/29/2016,91.190002,91.75,90.589996,91.25,91.25,6960200
8/1/2016,91.230003,94.669998,90.5,94.370003,94.370003,10666900
8/2/2016,94,94.080002,92.18,93.559998,93.559998,9836200
8/3/2016,93.279999,94.669998,92.550003,93.099998,93.099998,7030900
8/4/2016,93.199997,93.730003,91.82,93.440002,93.440002,6043400
8/5/2016,93.769997,97.739998,93.559998,97.029999,97.029999,18364800
8/8/2016,95.910004,95.93,94,95.110001,95.110001,10135400
8/9/2016,95.120003,95.809998,93.480003,93.989998,93.989998,9175400
8/10/2016,94.400002,94.75,92.949997,93.93,93.93,6511100
8/11/2016,94.599998,96.330002,94.370003,95.889999,95.889999,8547700
8/12/2016,95.529999,96.830002,95.080002,96.589996,96.589996,6592900
8/15/2016,96.830002,96.910004,95.239998,95.309998,95.309998,7304600
8/16/2016,95.190002,95.610001,94.400002,95.120003,95.120003,6311300
8/17/2016,94.940002,96.93,94.849998,96.370003,96.370003,8315600
8/18/2016,95.980003,97.220001,95.169998,96.160004,96.160004,7252600
8/19/2016,96.050003,96.779999,95.510002,95.870003,95.870003,6942900
8/22/2016,95.669998,96.129997,94.949997,95.260002,95.260002,5830500
8/23/2016,95.68,96.589996,95.480003,95.940002,95.940002,5239100
8/24/2016,96.129997,96.360001,94.910004,95.18,95.18,6276500
8/25/2016,96.379997,98.25,96.040001,97.32,97.32,10823100
8/26/2016,97.330002,97.949997,96.57,97.580002,97.580002,6617600
8/29/2016,96.970001,98.449997,96.57,97.300003,97.300003,8008400
8/30/2016,97.839996,98.849998,97.139999,97.449997,97.449997,6093500
8/31/2016,97.480003,97.879997,96.760002,97.449997,97.449997,4690600
9/1/2016,97.809998,97.980003,96.919998,97.379997,97.379997,4148600
9/2/2016,97.900002,98.18,97.010002,97.379997,97.379997,4247200
9/6/2016,97.760002,100.32,97.650002,100.089996,100.089996,9036100
9/7/2016,100.110001,100.190002,98.419998,99.150002,99.150002,6468500
9/8/2016,99.230003,100.050003,98.82,99.660004,99.660004,5201200
9/9/2016,99.059998,99.389999,96.5,96.5,96.5,7373300
9/12/2016,95.910004,99.290001,95.709999,99.050003,99.050003,7718400
9/13/2016,97.169998,98,95.330002,96.089996,96.089996,11788100
9/14/2016,97.349998,98.349998,96.959999,97.010002,97.010002,8481000
9/15/2016,97.230003,97.970001,96.529999,97.339996,97.339996,5293500
9/16/2016,97.099998,99.489998,97.040001,99.480003,99.480003,9445100
9/19/2016,99.900002,100.349998,97.82,98.059998,98.059998,8616200
9/20/2016,98.779999,99.160004,97.660004,98.25,98.25,4736800
9/21/2016,96.900002,97.099998,93.260002,94.879997,94.879997,20042200
9/22/2016,95.540001,95.879997,94.230003,95.830002,95.830002,11215000
9/23/2016,95.75,96.970001,95.43,95.940002,95.940002,6179500
9/26/2016,95.379997,95.379997,94.040001,94.559998,94.559998,6739200
9/27/2016,95.040001,97.639999,95,97.07,97.07,9680100
9/28/2016,97.099998,97.589996,96.019997,97.480003,97.480003,7235100
9/29/2016,97.309998,98.309998,96.599998,96.669998,96.669998,6217600
9/30/2016,96.900002,99.529999,96.790001,98.550003,98.550003,9807900
10/3/2016,98,103.389999,98,102.629997,102.629997,15344500
10/4/2016,103.190002,104.440002,101.860001,102.339996,102.339996,12143100
10/5/2016,103.5,106.970001,103.43,106.279999,106.279999,12942900
10/6/2016,104.970001,105.470001,103.879997,105.07,105.07,6587700
10/7/2016,103.980003,106.5,103.550003,104.82,104.82,8659500
10/10/2016,103.18,104.529999,102.760002,103.330002,103.330002,6699700
10/11/2016,102.309998,102.900002,99.860001,100.589996,100.589996,9032900
10/12/2016,100.879997,102.470001,99.220001,99.5,99.5,7426500
10/13/2016,98.010002,100.5,97.629997,100.230003,100.230003,8319300
10/14/2016,101.589996,102.099998,100.349998,101.470001,101.470001,9531100
10/17/2016,100.5,100.730003,98.379997,99.800003,99.800003,26589500
10/18/2016,116.629997,119.82,116.5,118.790001,118.790001,42168200
10/19/2016,118.25,122.449997,118,121.870003,121.870003,21981700
10/20/2016,121.970001,123.75,121.059998,123.349998,123.349998,14492800
10/21/2016,122.5,127.849998,122.309998,127.5,127.5,18832400
10/24/2016,127.419998,129.289993,126.150002,127.330002,127.330002,15980700
10/25/2016,126.519997,128.059998,125.75,126.510002,126.510002,8253900
10/26/2016,126.290001,128.720001,125.75,126.970001,126.970001,8602400
10/27/2016,127.43,128.179993,125.93,126.470001,126.470001,6914200
10/28/2016,126.080002,128.929993,126.010002,126.57,126.57,7077300
10/31/2016,126.849998,126.900002,124.400002,124.870003,124.870003,6517500
11/1/2016,124.980003,125.830002,121.800003,123.300003,123.300003,6978600
11/2/2016,122.830002,124.07,121.830002,122.339996,122.339996,4816500
11/3/2016,122.309998,123.720001,121.839996,122.139999,122.139999,5041300
11/4/2016,122,123.43,121.620003,122.029999,122.029999,5077700
11/7/2016,124.260002,125.75,123.370003,124.580002,124.580002,5827100
11/8/2016,124.120003,125.809998,123.220001,124.339996,124.339996,4690800
11/9/2016,121.839996,123.650002,120.860001,122.190002,122.190002,7705700
11/10/2016,122.760002,122.970001,113.699997,115.419998,115.419998,19718700
11/11/2016,114.900002,116.629997,113.110001,114.779999,114.779999,11080300
11/14/2016,114.75,115.900002,110.68,113.379997,113.379997,9932400
11/15/2016,114.550003,116.410004,113.089996,113.589996,113.589996,7445100
11/16/2016,112.959999,116.120003,111.809998,115.190002,115.190002,5933700
11/17/2016,115.129997,116.809998,113.559998,115.029999,115.029999,6232700
11/18/2016,115.730003,116.419998,113.510002,115.209999,115.209999,6746800
11/21/2016,116.199997,118.720001,116.190002,117.959999,117.959999,7064500
11/22/2016,118.32,119.459999,116.980003,118.040001,118.040001,7007200
11/23/2016,117.760002,118.889999,117.309998,117.690002,117.690002,4521300
11/25/2016,117.639999,118.389999,117.18,117.410004,117.410004,1616300
11/28/2016,117.050003,117.620003,115.709999,116.93,116.93,5278900
11/29/2016,117.300003,119.18,117.129997,117.510002,117.510002,7082300
11/30/2016,119,120.370003,116.389999,117,117,7715100
12/1/2016,117.519997,118.68,113.949997,117.220001,117.220001,8636900
12/2/2016,116.75,120.980003,116.75,120.809998,120.809998,8953600
12/5/2016,120.730003,120.75,118.400002,119.160004,119.160004,7626300
12/6/2016,120.099998,124.790001,119.419998,124.57,124.57,11513200
12/7/2016,124.480003,125.75,123.25,125.389999,125.389999,8204700
12/8/2016,125.400002,126.349998,122.160004,123.239998,123.239998,8987700
12/9/2016,123.779999,124.300003,121.730003,122.879997,122.879997,4700800
12/12/2016,122.839996,124.029999,122.300003,122.830002,122.830002,3917600
12/13/2016,123.510002,125.089996,122.779999,123.779999,123.779999,5564500
12/14/2016,123.43,124.400002,122.5,123.440002,123.440002,6110300
12/15/2016,123.440002,127.43,122.949997,125,125,7376200
12/16/2016,126.389999,126.68,124.010002,124.220001,124.220001,7868000
12/19/2016,124.300003,126.440002,122.870003,125.449997,125.449997,4867300
12/20/2016,125.459999,126.300003,124.639999,125.120003,125.120003,3937800
12/21/2016,125.529999,127.739998,125,126.5,126.5,6514800
12/22/2016,126.839996,127.5,125.18,125.580002,125.580002,4160700
12/23/2016,125.610001,126.279999,125.080002,125.589996,125.589996,2010400
12/27/2016,126.239998,129.050003,125.699997,128.350006,128.350006,5288200
12/28/2016,129.070007,129.070007,125.760002,125.889999,125.889999,4389200
12/29/2016,125.949997,126.139999,124.199997,125.330002,125.330002,3445100
12/30/2016,126.239998,126.57,123.599998,123.800003,123.800003,4455400
1/3/2017,124.959999,128.190002,124.309998,127.489998,127.489998,9437900
1/4/2017,127.489998,130.169998,126.550003,129.410004,129.410004,7843600
1/5/2017,129.220001,132.75,128.899994,131.809998,131.809998,10185500
1/6/2017,132.080002,133.880005,129.809998,131.070007,131.070007,10657900
1/9/2017,131.479996,131.990005,129.889999,130.949997,130.949997,5771800
1/10/2017,131.270004,132.220001,129.289993,129.889999,129.889999,5985800
1/11/2017,130.910004,131.5,129.25,130.5,130.5,5615100
1/12/2017,130.630005,130.850006,128.5,129.179993,129.179993,5388900
1/13/2017,131.149994,133.929993,130.580002,133.699997,133.699997,10515000
1/17/2017,135.039993,135.399994,132.089996,132.889999,132.889999,12220200
1/18/2017,133.210007,133.649994,131.059998,133.259995,133.259995,16168600
1/19/2017,142.009995,143.460007,138.25,138.410004,138.410004,23203400
1/20/2017,139.360001,140.789993,137.660004,138.600006,138.600006,9497400
1/23/2017,138.649994,139.490005,137.309998,137.389999,137.389999,7433900
1/24/2017,138.110001,140.929993,137.029999,140.110001,140.110001,7754700
1/25/2017,140.800003,141.389999,139.050003,139.520004,139.520004,7238100
1/26/2017,140.449997,141.210007,138.509995,138.960007,138.960007,6038300
1/27/2017,139.460007,142.490005,139,142.449997,142.449997,8323900
1/30/2017,141.770004,141.970001,138.800003,141.220001,141.220001,8122500
1/31/2017,140.550003,141.830002,139.699997,140.710007,140.710007,4411600
2/1/2017,141.199997,142.410004,139.300003,140.779999,140.779999,6033400
2/2/2017,140.610001,141.039993,139.050003,139.199997,139.199997,3462400
2/3/2017,139.509995,140.639999,139.100006,140.25,140.25,3512600
2/6/2017,140,141,139.160004,140.970001,140.970001,3552100
2/7/2017,141.490005,144.279999,141.050003,144,144,8573500
2/8/2017,143.570007,145.070007,142.559998,144.740005,144.740005,6887100
2/9/2017,144.979996,145.089996,143.580002,144.139999,144.139999,4555100
2/10/2017,144.679993,145.300003,143.970001,144.820007,144.820007,6171900
2/13/2017,145.190002,145.949997,143.050003,143.199997,143.199997,4790400
2/14/2017,143.199997,144.110001,140.050003,140.820007,140.820007,8367800
2/15/2017,140.720001,142.429993,140.509995,142.270004,142.270004,5309100
2/16/2017,142.419998,142.440002,141.070007,142.009995,142.009995,2847500
2/17/2017,141.75,142.899994,141.270004,142.220001,142.220001,4588100
2/21/2017,142.990005,143.380005,141.809998,142.600006,142.600006,3571500
2/22/2017,142.919998,144,142.169998,143.860001,143.860001,3482000
2/23/2017,144.449997,144.490005,141.520004,142.779999,142.779999,4668000
2/24/2017,141.880005,143.559998,141.550003,143.25,143.25,3302700
2/27/2017,143.119995,143.919998,142.380005,143.410004,143.410004,3907400
2/28/2017,143.300003,143.570007,141.850006,142.130005,142.130005,3862200
3/1/2017,142.839996,143.259995,142.100006,142.649994,142.649994,4170600
3/2/2017,142.149994,142.699997,139.089996,139.529999,139.529999,6119900
3/3/2017,139.690002,140.910004,138.259995,139.139999,139.139999,5399800
3/6/2017,141,142.839996,140.539993,141.940002,141.940002,7116100
3/7/2017,141.990005,142.399994,140.380005,141.429993,141.429993,4241000
3/8/2017,141.470001,142.059998,139.770004,140.320007,140.320007,4085500
3/9/2017,140.039993,141.240005,139.740005,140.529999,140.529999,2652700
3/10/2017,141.389999,141.800003,140.279999,140.889999,140.889999,3318500
3/13/2017,140.899994,143.710007,140.320007,143.520004,143.520004,4922400
3/14/2017,142.949997,143.309998,141.699997,143.190002,143.190002,4660300
3/15/2017,144.199997,145.520004,143.229996,145.25,145.25,5987200
3/16/2017,145.5,146.5,144.220001,144.389999,144.389999,5286500
3/17/2017,144.050003,145.759995,143.399994,145.110001,145.110001,6281300
3/20/2017,145.449997,146.25,144.580002,145.830002,145.830002,3421000
3/21/2017,146.75,147.699997,142.100006,142.419998,142.419998,7669800
3/22/2017,142.539993,143.800003,140.759995,142.649994,142.649994,6486900
3/23/2017,142.139999,142.889999,141.259995,141.839996,141.839996,3712600
3/24/2017,142.360001,142.800003,141.580002,142.020004,142.020004,3546600
3/27/2017,140.830002,144.389999,140,144.059998,144.059998,4771700
3/28/2017,144.100006,146.110001,143.919998,145.169998,145.169998,4638000
3/29/2017,145.5,147.179993,144.910004,146.470001,146.470001,3855000
3/30/2017,146.809998,148.289993,146.529999,148.059998,148.059998,4461100
3/31/2017,148,148.229996,147.330002,147.809998,147.809998,3888200
4/3/2017,146.699997,148.009995,145.740005,146.919998,146.919998,4609300
4/4/2017,146.839996,147.089996,144.889999,145.5,145.5,4368900
4/5/2017,146.190002,146.25,143.259995,143.619995,143.619995,4607600
4/6/2017,144,144.139999,143.009995,143.740005,143.740005,3312400
4/7/2017,143.789993,143.889999,142.710007,143.110001,143.110001,3040500
4/10/2017,143.039993,144.649994,141.210007,143.850006,143.850006,5807400
4/11/2017,144.279999,144.539993,141.979996,144.350006,144.350006,4621500
4/12/2017,144.850006,145.740005,143.550003,143.830002,143.830002,4387000
4/13/2017,144.25,144.550003,142.759995,142.919998,142.919998,3685800
4/17/2017,144.429993,147.320007,144.429993,147.25,147.25,16364700
4/18/2017,147.339996,147.399994,140,143.360001,143.360001,19671000
4/19/2017,143.369995,144,138.660004,139.759995,139.759995,12395100
4/20/2017,140.300003,141.800003,139.270004,141.179993,141.179993,7248200
4/21/2017,141.389999,143.029999,140.899994,142.869995,142.869995,6824800
4/24/2017,143.610001,144.5,143.399994,143.830002,143.830002,4800900
4/25/2017,147.460007,153.520004,146.220001,152.160004,152.160004,20674200
4/26/2017,151.529999,152.149994,148.899994,150.169998,150.169998,9274100
4/27/2017,150.600006,153.490005,149.300003,153.080002,153.080002,7719400
4/28/2017,152.710007,152.970001,150.940002,152.199997,152.199997,6366200
5/1/2017,151.910004,157.699997,151.610001,155.350006,155.350006,9031600
5/2/2017,155.759995,156.5,154.610001,156.449997,156.449997,5384800
5/3/2017,156.289993,156.539993,154.880005,155.589996,155.589996,3931200
5/4/2017,155.589996,157.899994,154.550003,157.25,157.25,5582300
5/5/2017,158.550003,158.589996,155.899994,156.600006,156.600006,5341700
5/8/2017,156.550003,157.639999,155.300003,156.380005,156.380005,4818800
5/9/2017,156.100006,157.850006,155.970001,157.460007,157.460007,3911000
5/10/2017,157.820007,161.100006,156.559998,160.279999,160.279999,6869900
5/11/2017,160.330002,160.520004,157.550003,158.539993,158.539993,5677400
5/12/2017,159.110001,160.839996,158.509995,160.809998,160.809998,5092900
5/15/2017,160.25,161.779999,159.759995,160.020004,160.020004,4972000
5/16/2017,160.5,161.179993,159.330002,159.410004,159.410004,3464900
5/17/2017,158.089996,158.779999,153,153.199997,153.199997,8184500
5/18/2017,153.610001,156.889999,153.240005,155.699997,155.699997,6802700
5/19/2017,156.149994,158.050003,155.910004,157.020004,157.020004,4091500
5/22/2017,157.860001,158.600006,156.429993,157.160004,157.160004,3744100
5/23/2017,157.75,158.309998,156.800003,157.949997,157.949997,3370900
5/24/2017,158.350006,158.479996,157.169998,157.75,157.75,2970800
5/25/2017,161,164.100006,160.550003,163.050003,163.050003,8561000
5/26/2017,162.839996,163.050003,161.119995,162.429993,162.429993,4834300
5/30/2017,163.600006,164.75,162.710007,163.220001,163.220001,4828600
5/31/2017,163.610001,164,160.740005,163.070007,163.070007,5328900
6/1/2017,163.520004,163.929993,161.699997,162.990005,162.990005,3896300
6/2/2017,163.419998,165.360001,162.800003,165.179993,165.179993,4259100
6/5/2017,165.490005,165.5,163.429993,165.059998,165.059998,3875200
6/6/2017,164.949997,166.820007,164.509995,165.169998,165.169998,4382100
6/7/2017,165.600006,166.399994,164.410004,165.610001,165.610001,3353100
6/8/2017,166.119995,166.869995,164.839996,165.880005,165.880005,3719100
6/9/2017,166.270004,166.270004,154.5,158.029999,158.029999,10292000
6/12/2017,155.300003,155.529999,148.309998,151.440002,151.440002,14114500
6/13/2017,154.380005,155.679993,150.130005,152.720001,152.720001,8484700
6/14/2017,154.339996,155.619995,150.279999,152.199997,152.199997,6461800
6/15/2017,149.440002,152.559998,147.300003,151.759995,151.759995,7319700
6/16/2017,151.449997,153.529999,150.389999,152.380005,152.380005,6909700
6/19/2017,154.289993,155.580002,152.410004,153.399994,153.399994,6544300
6/20/2017,153.679993,154.5,151.399994,152.050003,152.050003,4878700
6/21/2017,152.5,155.380005,152.259995,155.029999,155.029999,5803400
6/22/2017,155.130005,155.199997,153.699997,154.889999,154.889999,3769200
6/23/2017,155.009995,158.190002,153.759995,158.020004,158.020004,6250800
6/26/2017,158.779999,159.970001,156.559998,157.5,157.5,6016000
6/27/2017,156.619995,156.979996,150.720001,151.029999,151.029999,7424300
6/28/2017,151.639999,154.199997,150.119995,153.410004,153.410004,5589900
6/29/2017,152.820007,152.820007,148,150.089996,150.089996,7142500
6/30/2017,149.759995,150.710007,148.419998,149.410004,149.410004,5213300
7/3/2017,149.800003,150.449997,145.800003,146.169998,146.169998,3908200
7/5/2017,146.580002,148.259995,145.580002,147.610001,147.610001,4627800
7/6/2017,146.130005,147.270004,144.25,146.25,146.25,5486500
7/7/2017,146.649994,150.75,146.649994,150.179993,150.179993,5561300
7/10/2017,150.339996,153.229996,149.649994,152.669998,152.669998,5360600
7/11/2017,152.369995,155.229996,151.550003,154.330002,154.330002,4898600
7/12/2017,155.770004,158.800003,155.770004,158.75,158.75,8481800
7/13/2017,158.509995,160.130005,156.979996,158.210007,158.210007,6700100
7/14/2017,159.300003,161.350006,157.970001,161.119995,161.119995,5549200
7/17/2017,162.910004,163.550003,160.020004,161.699997,161.699997,17496700
7/18/2017,176.119995,185,174.240005,183.600006,183.600006,41587400
7/19/2017,182.970001,187.169998,181.75,183.860001,183.860001,17344300
7/20/2017,183.839996,185.919998,182.699997,183.600006,183.600006,7907200
7/21/2017,182.720001,191.5,182.710007,188.539993,188.539993,9277400
7/24/2017,188.690002,190.25,187.009995,187.910004,187.910004,8797300
7/25/2017,187.789993,188.660004,185.809998,186.970001,186.970001,5374500
7/26/2017,187.699997,189.699997,187.509995,189.080002,189.080002,4479300
7/27/2017,189.889999,190,179.380005,182.679993,182.679993,11221000
7/28/2017,182,185.029999,181.179993,184.039993,184.039993,6201900
7/31/2017,184.259995,184.970001,180.649994,181.660004,181.660004,4883600
8/1/2017,182.490005,184.619995,181.429993,182.029999,182.029999,5112700
8/2/2017,182.220001,182.570007,177.809998,180.740005,180.740005,5771300
8/3/2017,180.529999,181.220001,178.020004,179.229996,179.229996,4627700
8/4/2017,179.600006,181,178.5,180.270004,180.270004,4491100
8/7/2017,181,182.270004,179.100006,181.330002,181.330002,4609800
8/8/2017,181.369995,181.910004,177.449997,178.360001,178.360001,6104000
8/9/2017,171.429993,175.960007,170.009995,175.779999,175.779999,9670500
8/10/2017,174.029999,174.449997,167.600006,169.139999,169.139999,9693100
8/11/2017,169.860001,172.580002,169,171.399994,171.399994,5022300
8/14/2017,169.800003,172.449997,168.800003,171,171,7468400
8/15/2017,171.529999,171.880005,168.25,168.5,168.5,5656100
8/16/2017,167.5,170.5,166.25,169.979996,169.979996,7013600
8/17/2017,169.229996,170.580002,165.720001,166.089996,166.089996,5229200
8/18/2017,165.949997,169.970001,165.800003,166.539993,166.539993,7385700
8/21/2017,166.910004,168.990005,164.229996,166.759995,166.759995,6480700
8/22/2017,167.759995,169.929993,167.039993,169.339996,169.339996,4886300
8/23/2017,168.350006,169.639999,166.699997,169.059998,169.059998,4632300
8/24/2017,169.860001,171.240005,166.149994,168.130005,168.130005,5361700
8/25/2017,168.580002,168.75,165.5,165.949997,165.949997,4064000
8/28/2017,166.429993,168.669998,165.600006,167.119995,167.119995,3657300
8/29/2017,165,169.679993,164.729996,168.809998,168.809998,4620900
8/30/2017,169.5,174.850006,169.369995,174.690002,174.690002,8034700
8/31/2017,175.449997,176.240005,173.860001,174.710007,174.710007,6941000
9/1/2017,175.550003,176.479996,173.919998,174.740005,174.740005,3813000
9/5/2017,173.399994,175.880005,172.440002,174.520004,174.520004,4589500
9/6/2017,175.25,179.460007,173.729996,179.25,179.25,8742600
9/7/2017,178.800003,180.350006,177.100006,179,179,6036100
9/8/2017,178.449997,180.389999,176.25,176.419998,176.419998,4590800
9/11/2017,178.100006,182.470001,178.029999,181.740005,181.740005,5979400
9/12/2017,182.550003,185.330002,180.639999,185.149994,185.149994,6689600
9/13/2017,184.070007,184.5,182.550003,183.639999,183.639999,4320300
9/14/2017,183.25,185.289993,182.070007,182.630005,182.630005,4510700
9/15/2017,182.729996,184.929993,181.429993,182.350006,182.350006,5591700
9/18/2017,183.610001,185.449997,182.729996,184.619995,184.619995,5359600
9/19/2017,184.979996,186.229996,184.169998,185.679993,185.679993,4982100
9/20/2017,186.100006,186.5,183.199997,185.509995,185.509995,4625000
9/21/2017,185.820007,189.949997,184.509995,188.779999,188.779999,7148100
9/22/2017,188.399994,189.850006,186.389999,187.350006,187.350006,5464300
9/25/2017,186.460007,186.550003,177.699997,178.550003,178.550003,9367200
9/26/2017,180.699997,180.949997,176.550003,179.380005,179.380005,5602500
9/27/2017,181.009995,183.339996,180.699997,181.970001,181.970001,5710500
9/28/2017,181.25,181.949997,179.360001,180.699997,180.699997,4077000
9/29/2017,180.729996,182.899994,180.649994,181.350006,181.350006,4227900
10/2/2017,182.110001,182.800003,176.580002,177.009995,177.009995,7342000
10/3/2017,177.649994,179.699997,177.550003,179.190002,179.190002,3956900
10/4/2017,181.410004,186.699997,181.25,184.449997,184.449997,9235900
10/5/2017,185.649994,194.490005,184.490005,194.389999,194.389999,19412700
10/6/2017,194.300003,198.919998,192.050003,198.020004,198.020004,15348400
10/9/2017,199.100006,199.399994,196.559998,196.869995,196.869995,6971700
10/10/2017,197.850006,198.300003,192.100006,195.080002,195.080002,6233800
10/11/2017,195.570007,196.220001,193.809998,194.949997,194.949997,6450200
10/12/2017,196.75,198.619995,194.710007,195.860001,195.860001,7753300
10/13/2017,199.699997,200.820007,197.190002,199.490005,199.490005,12081300
10/16/2017,201.949997,202.830002,197.860001,202.679993,202.679993,22105400
10/17/2017,200.110001,204.380005,197.770004,199.479996,199.479996,23900100
10/18/2017,199.990005,200.009995,194.25,195.539993,195.539993,11198900
10/19/2017,193.009995,195.25,191.160004,195.130005,195.130005,7034600
10/20/2017,195.899994,196.380005,193.770004,194.160004,194.160004,5995600
10/23/2017,194.169998,194.899994,191.029999,192.470001,192.470001,6980000
10/24/2017,192.75,196.740005,191.399994,196.020004,196.020004,7069100
10/25/2017,195.380005,197.059998,193.009995,193.770004,193.770004,5315300
10/26/2017,194.660004,197.610001,194.080002,195.210007,195.210007,5185800
10/27/2017,197.199997,200.649994,196.220001,199.539993,199.539993,8128600
10/30/2017,199.619995,201.100006,197.070007,198.369995,198.369995,5439600
10/31/2017,198.210007,198.589996,195.220001,196.429993,196.429993,5518600
11/1/2017,197.240005,199.199997,196,198,198,5017400
11/2/2017,197.449997,199.440002,197.089996,199.320007,199.320007,3606300
11/3/2017,199.800003,200.550003,197.990005,200.009995,200.009995,3678800
11/6/2017,200,202.479996,198.089996,200.130005,200.130005,5846600
11/7/2017,200,200.610001,194.800003,195.889999,195.889999,6468000
11/8/2017,196,197.089996,194.740005,196.440002,196.440002,4237400
11/9/2017,194.460007,194.490005,190.809998,193.899994,193.899994,5979900
11/10/2017,191.610001,192.589996,189.5,192.020004,192.020004,6622200
11/13/2017,191.119995,196.050003,191,195.080002,195.080002,4607000
11/14/2017,193.639999,195.880005,193,195.710007,195.710007,3450500
11/15/2017,194.539993,195.419998,191.529999,192.119995,192.119995,4203100
11/16/2017,194.330002,197.699997,193.75,195.509995,195.509995,5678400
11/17/2017,195.740005,195.949997,192.649994,193.199997,193.199997,3906300
11/20/2017,193.300003,194.320007,191.899994,194.100006,194.100006,3827500
11/21/2017,195.039993,197.520004,194.970001,196.229996,196.229996,4787300
11/22/2017,196.580002,196.75,193.630005,196.320007,196.320007,5895400
11/24/2017,196.649994,196.899994,195.330002,195.75,195.75,2160500
11/27/2017,195.559998,195.850006,194,195.050003,195.050003,3210100
11/28/2017,195.339996,199.679993,194.009995,199.179993,199.179993,6981100
11/29/2017,198.910004,199.029999,184.320007,188.149994,188.149994,14202700
11/30/2017,190.309998,190.860001,186.679993,187.580002,187.580002,6630100
12/1/2017,186.990005,189.800003,185,186.820007,186.820007,6219500
12/4/2017,189.360001,189.720001,178.380005,184.039993,184.039993,9069800
12/5/2017,183.5,188.139999,181.190002,184.210007,184.210007,5783700
12/6/2017,183.380005,186.479996,182.880005,185.300003,185.300003,5490100
12/7/2017,185.710007,187.339996,183.220001,185.199997,185.199997,4659500
12/8/2017,186.5,189.419998,186.300003,188.539993,188.539993,4987300
12/11/2017,187.850006,189.419998,185.910004,186.220001,186.220001,5298600
12/12/2017,186.009995,187.850006,184.820007,185.729996,185.729996,4265900
12/13/2017,186.100006,188.690002,185.410004,187.860001,187.860001,4710000
12/14/2017,187.979996,192.639999,187.199997,189.559998,189.559998,7792800
12/15/2017,189.610001,191.429993,188.009995,190.119995,190.119995,7285600
12/18/2017,191.199997,191.649994,188.899994,190.419998,190.419998,5011000
12/19/2017,190.179993,190.300003,185.75,187.020004,187.020004,7033000
12/20/2017,187.940002,189.110001,185.259995,188.820007,188.820007,6545400
12/21/2017,189.440002,190.949997,187.580002,188.619995,188.619995,4729800
12/22/2017,188.330002,190.949997,186.800003,189.940002,189.940002,3878900
12/26/2017,189.779999,189.940002,186.399994,187.759995,187.759995,3045700
12/27/2017,187.800003,188.100006,185.220001,186.240005,186.240005,4002100
12/28/2017,187.179993,194.490005,186.850006,192.710007,192.710007,10107400
12/29/2017,192.509995,193.949997,191.220001,191.960007,191.960007,5187600
1/2/2018,196.100006,201.649994,195.419998,201.070007,201.070007,10966900
1/3/2018,202.050003,206.210007,201.5,205.050003,205.050003,8591400
1/4/2018,206.199997,207.050003,204,205.630005,205.630005,6029600
1/5/2018,207.25,210.020004,205.589996,209.990005,209.990005,7033200
1/8/2018,210.020004,212.5,208.440002,212.050003,212.050003,5580200
1/9/2018,212.110001,212.979996,208.589996,209.309998,209.309998,6125900
1/10/2018,207.570007,213.639999,206.910004,212.520004,212.520004,5951500
1/11/2018,214.289993,217.75,213.350006,217.240005,217.240005,7659500
1/12/2018,217.179993,222.550003,216,221.229996,221.229996,8199400
1/16/2018,224.240005,226.070007,217.199997,221.529999,221.529999,13516100
1/17/2018,221,221.149994,216.320007,217.5,217.5,9123100
1/18/2018,220.339996,220.580002,216.550003,220.330002,220.330002,8225300
1/19/2018,222.75,223.490005,218.5,220.460007,220.460007,10548600
1/22/2018,222,227.789993,221.199997,227.580002,227.580002,17703300
1/23/2018,255.050003,257.709991,248.020004,250.289993,250.289993,27705300
1/24/2018,250.880005,261.709991,249.309998,261.299988,261.299988,17352400
1/25/2018,263,272.299988,260.230011,269.700012,269.700012,15336400
1/26/2018,271.48999,274.600006,268.76001,274.600006,274.600006,11021800
1/29/2018,274.200012,286.809998,273.920013,284.589996,284.589996,17529700
1/30/2018,277,282.730011,272.700012,278.799988,278.799988,12482900
1/31/2018,281.940002,282.290009,269.579987,270.299988,270.299988,11695100
2/1/2018,266.410004,271.950012,263.380005,265.070007,265.070007,9669000
2/2/2018,263,270.619995,262.709991,267.429993,267.429993,9123600
2/5/2018,262,267.899994,250.029999,254.259995,254.259995,11896100
2/6/2018,247.699997,266.700012,245,265.720001,265.720001,12595800
2/7/2018,266.579987,272.450012,264.329987,264.559998,264.559998,8981500
2/8/2018,267.079987,267.619995,250,250.100006,250.100006,9306700
2/9/2018,253.850006,255.800003,236.110001,249.470001,249.470001,16906900
2/12/2018,252.139999,259.149994,249,257.950012,257.950012,8534900
2/13/2018,257.290009,261.410004,254.699997,258.269989,258.269989,6855200
2/14/2018,260.470001,269.880005,260.329987,266,266,10972000
2/15/2018,270.029999,280.5,267.630005,280.269989,280.269989,10759700
2/16/2018,278.730011,281.959991,275.690002,278.519989,278.519989,8312400
2/20/2018,277.73999,285.809998,276.609985,278.549988,278.549988,7769000
2/21/2018,282.070007,286.640015,280.01001,281.040009,281.040009,9371100
2/22/2018,283.880005,284.5,274.450012,278.140015,278.140015,8891500
2/23/2018,281,286,277.809998,285.929993,285.929993,7301800
2/26/2018,288.75,295.649994,287.01001,294.160004,294.160004,10268600
2/27/2018,294.769989,297.359985,290.589996,290.609985,290.609985,9416500
2/28/2018,293.100006,295.75,290.779999,291.380005,291.380005,7653500
3/1/2018,292.75,295.25,283.829987,290.390015,290.390015,11932100
3/2/2018,284.649994,301.179993,283.230011,301.049988,301.049988,13345300
3/5/2018,302.850006,316.910004,297.600006,315,315,18986100
3/6/2018,319.880005,325.790009,316.5,325.220001,325.220001,18525800
3/7/2018,320,323.73999,314.549988,321.160004,321.160004,17132200
3/8/2018,322.200012,322.920013,314.130005,317,317,11340100
3/9/2018,321.329987,331.440002,320.230011,331.440002,331.440002,14500200
3/12/2018,333.559998,333.980011,318.600006,321.299988,321.299988,20369200
3/13/2018,323.869995,325.839996,313.279999,315.880005,315.880005,12917200
3/14/2018,318.160004,323.880005,317.700012,321.549988,321.549988,10475100
3/15/2018,323.170013,323.399994,318.140015,321.089996,321.089996,5642900
3/16/2018,321.420013,324.109985,318.369995,318.450012,318.450012,7333700
3/19/2018,315.799988,317,307.339996,313.480011,313.480011,9925200
3/20/2018,313.26001,319.5,312.799988,317.5,317.5,5991900
3/21/2018,316.350006,319.399994,314.51001,316.480011,316.480011,5263900
3/22/2018,313.070007,314.119995,305.660004,306.700012,306.700012,8063300
3/23/2018,307.410004,309.369995,300.359985,300.940002,300.940002,9529900
3/26/2018,309.359985,321.029999,302,320.350006,320.350006,11988300
3/27/2018,322.48999,322.899994,297,300.690002,300.690002,12068600
3/28/2018,298.390015,298.799988,281.609985,285.769989,285.769989,18972900
3/29/2018,287,295.350006,275.899994,295.350006,295.350006,19145500
4/2/2018,291.940002,292.869995,275.049988,280.290009,280.290009,13405800
4/3/2018,285.450012,291.25,278.01001,283.670013,283.670013,12694900
4/4/2018,273.630005,290.309998,271.220001,288.940002,288.940002,12914000
4/5/2018,293.149994,299.160004,289.109985,293.970001,293.970001,10655200
4/6/2018,289.100006,298.850006,285.649994,288.850006,288.850006,11444800
4/9/2018,291.769989,299.549988,289.119995,289.929993,289.929993,9853600
4/10/2018,297.679993,298.950012,291.690002,298.070007,298.070007,10660500
4/11/2018,302.880005,311.640015,301.820007,303.670013,303.670013,14877400
4/12/2018,309.720001,311.130005,306.75,309.25,309.25,10249400
4/13/2018,317.290009,317.48999,308.230011,311.649994,311.649994,12046600
4/16/2018,315.98999,316.100006,304,307.779999,307.779999,20307900
4/17/2018,329.660004,338.619995,323.769989,336.059998,336.059998,33866500
4/18/2018,336.299988,338.820007,331.100006,334.519989,334.519989,11221100
4/19/2018,332.880005,335.309998,326.769989,332.700012,332.700012,8438800
4/20/2018,332.220001,336.51001,326,327.769989,327.769989,9158700
4/23/2018,329.149994,331.220001,317.079987,318.690002,318.690002,8968000
4/24/2018,319.220001,320.25,302.309998,307.019989,307.019989,13893200
4/25/2018,306.369995,309.980011,292.619995,305.76001,305.76001,14919700
4/26/2018,310,316.630005,305.579987,313.980011,313.980011,9266700
4/27/2018,316.25,317.450012,306.5,311.76001,311.76001,7074400
4/30/2018,311.070007,317.880005,310.119995,312.459991,312.459991,6088800
5/1/2018,310.359985,313.480011,306.690002,313.299988,313.299988,6036600
5/2/2018,311.649994,317.100006,310.399994,313.359985,313.359985,5697100
5/3/2018,312.589996,312.589996,305.730011,311.690002,311.690002,6135800
5/4/2018,308.709991,320.980011,307.670013,320.089996,320.089996,8209500
5/7/2018,321.98999,329.019989,319.339996,326.26001,326.26001,7117800
5/8/2018,325.899994,327.350006,323.049988,326.890015,326.890015,4735700
5/9/2018,328.790009,331.950012,327.51001,330.299988,330.299988,5633400
5/10/2018,331.5,332.059998,327.339996,329.600006,329.600006,5302300
5/11/2018,329.649994,331.26001,324.869995,326.459991,326.459991,4589700
5/14/2018,327.25,330.5,327.040009,328.529999,328.529999,4089800
5/15/2018,325.940002,326.940002,322.429993,326.130005,326.130005,4746100
5/16/2018,326.279999,329.720001,325.140015,328.190002,328.190002,3671700
5/17/2018,327.529999,330.450012,323.170013,325.220001,325.220001,4935700
5/18/2018,324.899994,326.420013,322.799988,324.179993,324.179993,3577700
5/21/2018,327.109985,331.880005,325.450012,331.820007,331.820007,6657300
5/22/2018,334.049988,336.630005,331.149994,331.619995,331.619995,5964400
5/23/2018,329.040009,345,328.089996,344.720001,344.720001,10049100
5/24/2018,344.339996,354,341.119995,349.290009,349.290009,14758600
5/25/2018,349.899994,354.359985,348.829987,351.290009,351.290009,7817400
5/29/2018,351.5,356.100006,346.709991,349.730011,349.730011,9717900
5/30/2018,352.369995,354,349.26001,353.540009,353.540009,5685500
5/31/2018,353.799988,355.529999,350.209991,351.600006,351.600006,6921700
6/1/2018,353.880005,359.98999,352.820007,359.929993,359.929993,7112300
6/4/2018,362.679993,363,355.51001,361.809998,361.809998,7682000
6/5/2018,363.320007,369.829987,361.410004,365.799988,365.799988,8358000
6/6/2018,367.779999,369.679993,363.329987,367.450012,367.450012,7712300
6/7/2018,368.540009,368.700012,357.799988,361.399994,361.399994,8278000
6/8/2018,358.059998,362.390015,356.25,360.570007,360.570007,5225700
6/11/2018,361.880005,365.670013,360.910004,361.450012,361.450012,4432400
6/12/2018,363.600006,365.980011,362,363.829987,363.829987,4291000
6/13/2018,367.529999,384.25,364.109985,379.929993,379.929993,18222800
6/14/2018,384.269989,395.029999,383.25,392.869995,392.869995,14598300
6/15/2018,390.709991,398.859985,387.51001,391.980011,391.980011,13588100
6/18/2018,387.720001,393.160004,386.5,390.399994,390.399994,6824800
6/19/2018,389.5,405.290009,388.5,404.980011,404.980011,16697100
6/20/2018,415.149994,419.470001,409.600006,416.76001,416.76001,16494600
6/21/2018,421.380005,423.209991,406.369995,415.440002,415.440002,18389900
6/22/2018,419.980011,420.5,409.649994,411.089996,411.089996,10428600
6/25/2018,404.690002,405.98999,378.75,384.480011,384.480011,22490900
6/26/2018,393.279999,404.779999,389.049988,399.390015,399.390015,15191200
6/27/2018,407.559998,411.589996,390,390.390015,390.390015,16541400
6/28/2018,395,396.899994,387.100006,395.420013,395.420013,12219900
6/29/2018,399.190002,401.329987,390.549988,391.429993,391.429993,9252500
7/2/2018,385.450012,398.380005,380,398.179993,398.179993,8142500
7/3/2018,399.48999,399.980011,389.5,390.519989,390.519989,5280300
7/5/2018,393.799988,399.23999,390.859985,398.390015,398.390015,8448900
7/6/2018,397.450012,408.649994,395.519989,408.25,408.25,8629600
7/9/2018,415.950012,419.119995,411.100006,418.970001,418.970001,11127500
7/10/2018,417.23999,419.440002,413.079987,415.630005,415.630005,9382900
7/11/2018,411.339996,419.769989,410.600006,418.649994,418.649994,9713900
7/12/2018,415.160004,416.790009,407.799988,413.5,413.5,12743300
7/13/2018,409.190002,410,395.079987,395.799988,395.799988,15719000
7/16/2018,398.980011,403.359985,391.75,400.480011,400.480011,22960000
7/17/2018,346.950012,385,344,379.480011,379.480011,58410400
7/18/2018,381.23999,383.130005,372.359985,375.130005,375.130005,21746300
7/19/2018,371.059998,375.75,363,364.230011,364.230011,16878700
7/20/2018,364.920013,370.5,360.140015,361.049988,361.049988,15096700
7/23/2018,359.149994,363.899994,353.600006,362.660004,362.660004,11505200
7/24/2018,366.940002,367.399994,354.559998,357.320007,357.320007,12851500
7/25/2018,357.570007,363.279999,355.649994,362.869995,362.869995,8467800
7/26/2018,358.190002,365.540009,356.630005,363.089996,363.089996,6993700
7/27/2018,366.850006,367,351.649994,355.209991,355.209991,8949500
7/30/2018,351.929993,352.029999,334.019989,334.959991,334.959991,18260700
7/31/2018,331.51001,342.5,328,337.450012,337.450012,14085400
8/1/2018,335.869995,344.410004,334.019989,338.380005,338.380005,7790500
8/2/2018,337.230011,345,334.709991,344.5,344.5,7131300
8/3/2018,347.75,347.859985,338.480011,343.089996,343.089996,8848400
8/6/2018,342.869995,351.980011,341.73999,350.920013,350.920013,8198100
8/7/2018,353.230011,357.309998,349.01001,351.829987,351.829987,7970900
8/8/2018,352.209991,352.290009,346.609985,347.609985,347.609985,5394700
8/9/2018,347.959991,352.440002,345.820007,349.359985,349.359985,4820300
8/10/2018,346.910004,349.100006,344.420013,345.869995,345.869995,4328400
8/13/2018,339.890015,347.190002,339.070007,341.309998,341.309998,6888900
8/14/2018,342.089996,342.410004,336.25,337.48999,337.48999,5805200
8/15/2018,334.029999,335.5,321,326.399994,326.399994,11784500
8/16/2018,329.899994,331.170013,321.209991,322.440002,322.440002,6689700
8/17/2018,319.01001,324.369995,312.959991,316.779999,316.779999,10407900
8/20/2018,314.640015,331.600006,310.929993,327.730011,327.730011,13591100
8/21/2018,331,341.5,329.700012,338.019989,338.019989,14783200
8/22/2018,338.48999,346.209991,337.410004,344.440002,344.440002,8930700
8/23/2018,348.109985,350.079987,337.649994,339.170013,339.170013,11336400
8/24/2018,346,359.149994,344.540009,358.820007,358.820007,14729100
8/27/2018,367.149994,374.48999,360,364.579987,364.579987,17427300
8/28/2018,367.230011,369.98999,360.380005,368.48999,368.48999,9222600
8/29/2018,367.200012,369.859985,362.910004,368.040009,368.040009,8118700
8/30/2018,365,376.809998,363.540009,370.980011,370.980011,10981000
8/31/2018,370.660004,376,367.079987,367.679993,367.679993,7943400
9/4/2018,366.470001,368.880005,361.26001,363.600006,363.600006,7605200
9/5/2018,360,363.390015,335.829987,341.179993,341.179993,13092800
9/6/2018,347.440002,356,341.98999,346.459991,346.459991,13050200
9/7/2018,342.200012,355.75,341.25,348.679993,348.679993,9105800
9/10/2018,352.269989,352.5,343.079987,348.410004,348.410004,5752200
9/11/2018,344.670013,356.149994,343.899994,355.929993,355.929993,6198100
9/12/2018,359.079987,370.429993,356.23999,369.950012,369.950012,10480800
9/13/2018,371.910004,374.089996,366.839996,368.149994,368.149994,8366100
9/14/2018,368.549988,371.089996,363.459991,364.559998,364.559998,4756400
9/17/2018,364.220001,367.329987,349.570007,350.350006,350.350006,7071900
9/18/2018,353.670013,368.149994,351.559998,367.649994,367.649994,10414000
9/19/2018,373.950012,377.609985,359.170013,366.959991,366.959991,11876800
9/20/2018,370.26001,370.26001,363.170013,365.359985,365.359985,6768100
9/21/2018,366.589996,372.220001,360.73999,361.190002,361.190002,11930600
9/24/2018,359,373.640015,354.329987,369.609985,369.609985,9322500
9/25/2018,370.230011,371.339996,364.48999,369.429993,369.429993,6799800
9/26/2018,373.589996,382,370.880005,377.880005,377.880005,13799700
9/27/2018,379.869995,383.200012,376,380.709991,380.709991,7326200
9/28/2018,379.23999,380.799988,373.730011,374.130005,374.130005,7114900
10/1/2018,375.850006,386.109985,375.589996,381.429993,381.429993,8376600
10/2/2018,384.380005,386.799988,373.829987,377.140015,377.140015,8638700
10/3/2018,378.529999,380.929993,374.880005,377.049988,377.049988,5798600
10/4/2018,375.880005,375.920013,360.399994,363.649994,363.649994,9074400
10/5/2018,359.769989,363.5,343,351.350006,351.350006,13523000
10/8/2018,345.179993,352.950012,338.109985,349.100006,349.100006,12375500
10/9/2018,348.480011,358.720001,347.089996,355.709991,355.709991,8755000
10/10/2018,353.519989,355.149994,325.390015,325.890015,325.890015,17183100
10/11/2018,324.940002,334.200012,315.809998,321.100006,321.100006,16082100
10/12/2018,339.570007,341.299988,328.899994,339.559998,339.559998,14870800
10/15/2018,337.630005,339.209991,326.929993,333.130005,333.130005,11215000
10/16/2018,337.23999,347.950012,330.559998,346.399994,346.399994,20156400
10/17/2018,378.329987,380,356.5,364.700012,364.700012,32610900
10/18/2018,360.670013,362.200012,346.049988,346.709991,346.709991,18461000
10/19/2018,351,355.799988,332.200012,332.670013,332.670013,16717200
10/22/2018,333.100006,335.799988,320.339996,329.540009,329.540009,17097200
10/23/2018,318,336.579987,316.769989,333.160004,333.160004,14907300
10/24/2018,332.279999,333,300.730011,301.829987,301.829987,19039300
10/25/2018,307.119995,319.940002,305.25,312.869995,312.869995,13346900
10/26/2018,300.51001,313.98999,292.299988,299.829987,299.829987,19616000
10/29/2018,305.26001,307.890015,275.399994,284.839996,284.839996,21698800
10/30/2018,275.570007,290.519989,271.209991,285.809998,285.809998,23685700
10/31/2018,297.769989,311.5,295.049988,301.779999,301.779999,20360300
11/1/2018,304.589996,318.450012,296.670013,317.380005,317.380005,15121500
11/2/2018,318,321.880005,308.329987,309.100006,309.100006,13404600
11/5/2018,311.100006,317.529999,303.73999,315.440002,315.440002,10283000
11/6/2018,314.76001,320.220001,305.299988,310.839996,310.839996,9710400
11/7/2018,312.899994,328.559998,311,327.5,327.5,13328300
11/8/2018,328,332.049988,316.609985,317.920013,317.920013,11023900
11/9/2018,311.070007,312.980011,298.01001,303.470001,303.470001,13480800
11/12/2018,300,302.48999,290.630005,294.070007,294.070007,10924800
11/13/2018,295,303.549988,289.100006,294.399994,294.399994,12232200
11/14/2018,300.399994,301.839996,278.299988,286.730011,286.730011,16853600
11/15/2018,285.51001,292.5,282.160004,290.059998,290.059998,9967100
11/16/2018,287.140015,291.720001,281,286.209991,286.209991,9099500
11/19/2018,283.790009,285.089996,269.149994,270.600006,270.600006,12993800
11/20/2018,254.630005,276.339996,250,266.980011,266.980011,16693800
11/21/2018,274.420013,275.339996,261.51001,262.130005,262.130005,11023000
11/23/2018,260.109985,265.5,256.839996,258.820007,258.820007,5245100
11/26/2018,260.549988,266.25,253.800003,261.429993,261.429993,12498600
11/27/2018,259.23999,269.079987,256.140015,266.630005,266.630005,11149500
11/28/2018,271.980011,284,263.339996,282.649994,282.649994,14801300
11/29/2018,282.320007,290.48999,275.5,288.75,288.75,15431500
11/30/2018,288,290.809998,283.059998,286.130005,286.130005,11860100
12/3/2018,293.190002,298.720001,284.579987,290.299988,290.299988,14117400
12/4/2018,288.130005,295.73999,274.720001,275.329987,275.329987,12800600
12/6/2018,268.329987,283.220001,267.140015,282.880005,282.880005,13074300
12/7/2018,282.480011,284.209991,263.380005,265.140015,265.140015,12466700
12/10/2018,264.190002,271.179993,260.609985,269.700012,269.700012,9605600
12/11/2018,274.079987,274.5,262.76001,265.320007,265.320007,9843200
12/12/2018,267.660004,281.769989,266.480011,274.880005,274.880005,11456700
12/13/2018,277.640015,279.320007,271.850006,276.019989,276.019989,8379300
12/14/2018,271.809998,277.670013,265,266.839996,266.839996,9915300
12/17/2018,266.51001,272.980011,261.079987,262.799988,262.799988,9634700
12/18/2018,263.299988,275.75,263.290009,270.940002,270.940002,10350100
12/19/2018,269.959991,280.869995,263.769989,266.769989,266.769989,13788400
12/20/2018,264.640015,269.899994,251.880005,260.579987,260.579987,16792900
12/21/2018,263.829987,264.5,241.289993,246.389999,246.389999,21397600
12/24/2018,242,250.649994,233.679993,233.880005,233.880005,9547600
12/26/2018,233.919998,254.5,231.229996,253.669998,253.669998,14402700
12/27/2018,250.110001,255.589996,240.100006,255.570007,255.570007,12235200
12/28/2018,257.940002,261.910004,249.800003,256.079987,256.079987,10992800
12/31/2018,260.160004,270.100006,260,267.660004,267.660004,13508900
1/2/2019,259.279999,269.75,256.579987,267.660004,267.660004,11679500
1/3/2019,270.200012,275.790009,264.429993,271.200012,271.200012,14969600
1/4/2019,281.880005,297.799988,278.540009,297.570007,297.570007,19330100
1/7/2019,302.100006,316.799988,301.649994,315.339996,315.339996,18620100
1/8/2019,319.980011,320.589996,308.01001,320.269989,320.269989,15359200
1/9/2019,317.709991,323.350006,313.5,319.959991,319.959991,13343200
1/10/2019,314.570007,325.369995,312.5,324.660004,324.660004,13472500
1/11/2019,330.959991,341.089996,328.519989,337.589996,337.589996,19500400
1/14/2019,334.23999,335.480011,329.130005,332.940002,332.940002,10499600
1/15/2019,349.600006,357.220001,347,354.640015,354.640015,21181200
1/16/2019,354,358.850006,348.109985,351.390015,351.390015,15385500
1/17/2019,349.5,355.790009,346.410004,353.190002,353.190002,18871200
1/18/2019,351.970001,353,336.730011,339.100006,339.100006,26621000
1/22/2019,334.890015,336.880005,321.029999,325.160004,325.160004,17941400
1/23/2019,328.25,331.75,318.600006,321.98999,321.98999,13480100
1/24/2019,320.600006,331.799988,319,326.670013,326.670013,11131600
1/25/2019,328.720001,340,328.51001,338.049988,338.049988,11152900
1/28/2019,334.700012,336.299988,328.880005,335.660004,335.660004,8652100
1/29/2019,335.869995,338.220001,328.149994,328.899994,328.899994,7655200
1/30/2019,332.75,341.779999,330.799988,340.660004,340.660004,9234500
1/31/2019,339.679993,345.98999,338.089996,339.5,339.5,8535500
2/1/2019,337.179993,346.839996,336.5,339.850006,339.850006,9827800
2/4/2019,342.600006,352,341.299988,351.339996,351.339996,9051400
2/5/2019,353.200012,360,352.899994,355.809998,355.809998,9046600
2/6/2019,357,357.040009,347.190002,352.190002,352.190002,6717700
2/7/2019,347.899994,348.75,339.019989,344.709991,344.709991,7864500
2/8/2019,338,348,338,347.570007,347.570007,7561400
2/11/2019,350,352.869995,344.809998,345.730011,345.730011,5454900
2/12/2019,348.089996,360,346.519989,359.970001,359.970001,10429400
2/13/2019,357.299988,359.600006,350.279999,351.769989,351.769989,10559100
2/14/2019,351.75,360.450012,348.329987,359.070007,359.070007,9295300
2/15/2019,358.470001,364.399994,355.5,356.869995,356.869995,9230000
2/19/2019,355.799988,365,355.320007,361.920013,361.920013,7396600
2/20/2019,364.850006,366.709991,356.700012,359.910004,359.910004,8110700
2/21/2019,360.029999,362.850006,353.880005,356.970001,356.970001,6227900
2/22/2019,360.339996,366.130005,360.049988,363.019989,363.019989,7088200
2/25/2019,367.01001,371.48999,363.790009,363.910004,363.910004,7569300
2/26/2019,362.980011,365.700012,359.329987,364.970001,364.970001,4944600
2/27/2019,363.5,368.029999,359.799988,362.869995,362.869995,5629900
2/28/2019,362.470001,366.390015,357.709991,358.100006,358.100006,6186800
3/1/2019,362.26001,362.869995,354.690002,357.320007,357.320007,5526500
3/4/2019,359.720001,362.25,348.040009,351.040009,351.040009,7487000
3/5/2019,351.459991,356.170013,348.25,354.299988,354.299988,5937800
3/6/2019,353.600006,359.880005,351.700012,359.609985,359.609985,6211900
3/7/2019,360.160004,362.859985,350.5,352.600006,352.600006,6151300
3/8/2019,345.75,349.920013,342.470001,349.600006,349.600006,6898800
3/11/2019,352,358.980011,350.029999,358.859985,358.859985,5387300
3/12/2019,359.369995,360.130005,353.799988,356.269989,356.269989,5164600
3/13/2019,355.809998,362.480011,352.769989,361.209991,361.209991,6444100
3/14/2019,360.5,363.839996,358.100006,358.820007,358.820007,5271400
3/15/2019,361.019989,364,358.890015,361.459991,361.459991,8444500
3/18/2019,362.470001,370.970001,361.859985,363.440002,363.440002,7194700
3/19/2019,366.399994,366.959991,356.799988,358.779999,358.779999,7541400
3/20/2019,358.910004,375.899994,357.01001,375.220001,375.220001,10917200
3/21/2019,374,379,370.609985,377.869995,377.869995,8544000
3/22/2019,375.950012,376.429993,360.040009,361.01001,361.01001,8661300
3/25/2019,359,367.040009,357.440002,366.230011,366.230011,8473800
3/26/2019,367.869995,368.380005,358.019989,359.970001,359.970001,7666500
3/27/2019,361,362.470001,350.369995,353.369995,353.369995,7852400
3/28/2019,354.48999,355.940002,349.200012,354.609985,354.609985,4361000
3/29/2019,357.160004,358.25,353.709991,356.559998,356.559998,4705600
4/1/2019,359,368.329987,358.51001,366.959991,366.959991,7036100
4/2/2019,366.25,368.420013,362.220001,367.720001,367.720001,5158700
4/3/2019,369.26001,373.410004,366.190002,369.75,369.75,5376600
4/4/2019,370.070007,372.049988,362.399994,367.880005,367.880005,4627300
4/5/2019,369,369.799988,364.660004,365.48999,365.48999,3905500
4/8/2019,365.109985,365.940002,359.929993,361.410004,361.410004,4653800
4/9/2019,360.540009,366.73999,359,364.709991,364.709991,5439200
4/10/2019,365.790009,368.850006,362.25,363.920013,363.920013,4545600
4/11/2019,365,370.119995,360.809998,367.649994,367.649994,6526900
4/12/2019,360.690002,361.75,349.359985,351.140015,351.140015,15646200
4/15/2019,350.709991,352.209991,342.269989,348.869995,348.869995,8842300
4/16/2019,355,364.480011,352.720001,359.459991,359.459991,18740200
4/17/2019,365.049988,368.76001,350.600006,354.73999,354.73999,18054100
4/18/2019,355,360.410004,351.640015,360.350006,360.350006,8353200
4/22/2019,359.700012,377.690002,359,377.339996,377.339996,11980500
4/23/2019,375.450012,384.799988,374.709991,381.890015,381.890015,10089800
4/24/2019,381.070007,381.899994,373.269989,374.230011,374.230011,6541900
4/25/2019,374.48999,374.76001,365.700012,368.329987,368.329987,6255500
4/26/2019,368.350006,375.140015,366.23999,374.850006,374.850006,5621900
4/29/2019,373.679993,374.579987,369.119995,371.829987,371.829987,3821700
4/30/2019,369.559998,374.5,368.350006,370.540009,370.540009,3870100
5/1/2019,374,385.98999,373.170013,378.809998,378.809998,9257300
5/2/2019,378,383.5,374.51001,379.059998,379.059998,5398200
5/3/2019,381.529999,385.029999,378.269989,385.029999,385.029999,5130300
5/6/2019,377.690002,381.350006,376,378.670013,378.670013,5793100
5/7/2019,377,379.910004,365.809998,370.459991,370.459991,6974900
5/8/2019,367.920013,369,361.359985,364.369995,364.369995,6572000
5/9/2019,360.899994,364.200012,352.75,362.75,362.75,5882600
5/10/2019,361.619995,365.26001,353.059998,361.040009,361.040009,5657100
5/13/2019,352.290009,354.26001,343.100006,345.26001,345.26001,8026700
5/14/2019,348.709991,349.950012,342.5,345.609985,345.609985,5353000
5/15/2019,343.339996,356.5,341.390015,354.98999,354.98999,6340100
5/16/2019,356.369995,364,353.940002,359.309998,359.309998,6441500
5/17/2019,356.390015,359.619995,353.790009,354.450012,354.450012,4725400
5/20/2019,351.230011,352.420013,345.399994,348.109985,348.109985,4621500
5/21/2019,350.950012,356.429993,349.929993,354.269989,354.269989,4026400
5/22/2019,358.01001,370.459991,357.299988,359.730011,359.730011,6229400
5/23/2019,355.5,357.420013,347.700012,352.209991,352.209991,5630400
5/24/2019,355.410004,359.440002,353.790009,354.390015,354.390015,3831000
5/28/2019,354.390015,361.200012,353.649994,355.059998,355.059998,4717100
5/29/2019,353.600006,353.850006,345.899994,349.190002,349.190002,5658900
5/30/2019,350.549988,354.209991,348.299988,351.850006,351.850006,4008000
5/31/2019,347.220001,349.339996,342.920013,343.279999,343.279999,5023400
6/3/2019,343.559998,347.660004,332.649994,336.630005,336.630005,7849600
6/4/2019,345,353.609985,343.25,353.399994,353.399994,7891600
6/5/2019,354.380005,357.880005,348.709991,355.730011,355.730011,5020100
6/6/2019,354.839996,358.209991,352.089996,357.130005,357.130005,3710000
6/7/2019,357.390015,365.149994,355.690002,360.869995,360.869995,4777300
6/10/2019,363.649994,367.100006,349.290009,352.01001,352.01001,7810300
6/11/2019,355,357.579987,348.5,351.269989,351.269989,5396700
6/12/2019,351.820007,353.609985,343.230011,345.559998,345.559998,4579300
6/13/2019,347.230011,348.5,339.25,343.429993,343.429993,6209300
6/14/2019,341.630005,343.399994,336.160004,339.730011,339.730011,5019000
6/17/2019,342.690002,351.769989,342.059998,350.619995,350.619995,5351200
6/18/2019,355.570007,361.5,353.75,357.119995,357.119995,5428500
6/19/2019,361.720001,364.73999,356.119995,363.519989,363.519989,5667200
6/20/2019,365.910004,370.119995,361.220001,365.209991,365.209991,5899500
6/21/2019,365,371.450012,365,369.209991,369.209991,7448400
6/24/2019,370.269989,375,370.200012,371.040009,371.040009,4830200
6/25/2019,370.75,371,358.290009,360.299988,360.299988,5750400
6/26/2019,361.600006,366.790009,361.600006,362.200012,362.200012,3669700
6/27/2019,363.200012,370.850006,363.200012,370.019989,370.019989,4138600
6/28/2019,370.26001,371.540009,364.869995,367.320007,367.320007,4592700
7/1/2019,373.5,376.660004,372,374.600006,374.600006,4992600
7/2/2019,374.890015,376,370.309998,375.429993,375.429993,3625000
7/3/2019,376.690002,381.98999,375.839996,381.720001,381.720001,3799000
7/5/2019,378.290009,381.399994,375.559998,380.549988,380.549988,3732200
7/8/2019,378.190002,378.25,375.359985,376.160004,376.160004,3113400
7/9/2019,379.059998,384.76001,377.5,379.929993,379.929993,6932800
7/10/2019,382.769989,384.339996,362.679993,381,381,5878800
7/11/2019,381.100006,384.540009,378.799988,379.5,379.5,4336300
7/12/2019,378.679993,379.73999,372.790009,373.25,373.25,6636900
7/15/2019,372.940002,373.679993,362.299988,366.600006,366.600006,7944700
7/16/2019,370.089996,371.339996,364.920013,365.98999,365.98999,5863200
7/17/2019,366.25,366.5,361.75,362.440002,362.440002,13639500
7/18/2019,323.76001,329.850006,320.299988,325.209991,325.209991,31305900
7/19/2019,323.399994,325.850006,314.230011,315.100006,315.100006,16302500
7/22/2019,312,314.540009,305.809998,310.619995,310.619995,17718000
7/23/2019,311.440002,313.5,306,307.299988,307.299988,9171100
7/24/2019,310.51001,319.98999,307.25,317.940002,317.940002,11961800
7/25/2019,318.859985,327.690002,316.299988,326.459991,326.459991,10798500
7/26/2019,328.790009,336,327.5,335.779999,335.779999,10847500
7/29/2019,335.980011,336.399994,328.769989,332.700012,332.700012,5782800
7/30/2019,329.200012,329.649994,323.230011,325.929993,325.929993,6029300
7/31/2019,325.160004,331.769989,318.529999,322.98999,322.98999,6259500
8/1/2019,324.25,328.579987,318.73999,319.5,319.5,6563200
8/2/2019,317.48999,319.410004,311.799988,318.829987,318.829987,6280300
8/5/2019,310.959991,313.420013,304.679993,307.630005,307.630005,8692500
8/6/2019,310.579987,311.880005,305.299988,310.100006,310.100006,6179100
8/7/2019,302.559998,305,296.809998,304.290009,304.290009,9322400
8/8/2019,311.029999,316.359985,306.630005,315.899994,315.899994,5905900
8/9/2019,313.73999,316.640015,305.679993,308.929993,308.929993,5349100
8/12/2019,305.459991,312.890015,303.23999,310.829987,310.829987,6531700
8/13/2019,309.769989,316.429993,308.160004,312.279999,312.279999,5289400
8/14/2019,308.01001,308.410004,298.01001,299.109985,299.109985,7355800
8/15/2019,299.5,300.630005,288,295.76001,295.76001,9629200
8/16/2019,298.859985,303.549988,296.269989,302.799988,302.799988,6905800
8/19/2019,306.25,311.75,304.75,309.380005,309.380005,4942200
8/20/2019,304.570007,305,297.679993,298.98999,298.98999,7349900
8/21/2019,301.609985,302.880005,296.200012,297.809998,297.809998,5685400
8/22/2019,298.649994,300.329987,293.149994,296.929993,296.929993,4974200
8/23/2019,295,299.01001,290.320007,291.440002,291.440002,6324900
8/26/2019,295.23999,296.950012,292.5,294.980011,294.980011,4695700
8/27/2019,294.540009,296.769989,287.200012,291.029999,291.029999,6309400
8/28/2019,289.470001,292.820007,287.75,291.769989,291.769989,3955700
8/29/2019,295,299.929993,294.98999,296.779999,296.779999,4388500
8/30/2019,298.779999,298.940002,290.850006,293.75,293.75,4446400
9/3/2019,290.820007,293.899994,288.059998,289.290009,289.290009,3682800
9/4/2019,291.25,292.380005,286.51001,291.519989,291.519989,4652500
9/5/2019,285.320007,293.970001,282.790009,293.25,293.25,8966800
9/6/2019,293.350006,293.350006,287.029999,290.170013,290.170013,5166600
9/9/2019,294.809998,301.549988,290.600006,294.339996,294.339996,8232700
9/10/2019,291.160004,297.170013,282.660004,287.98999,287.98999,12320200
9/11/2019,285.700012,292.649994,284.609985,288.269989,288.269989,7405900
9/12/2019,288.100006,292.730011,286.600006,288.859985,288.859985,5010900
9/13/2019,290.609985,296.619995,290.040009,294.149994,294.149994,6583100
9/16/2019,294.230011,297.429993,289.779999,294.290009,294.290009,5307400
9/17/2019,294.5,299.149994,291.790009,298.600006,298.600006,4777100
9/18/2019,294.98999,296.049988,287.450012,291.559998,291.559998,7811100
9/19/2019,291.559998,293.809998,283.399994,286.600006,286.600006,8461300
9/20/2019,280.26001,282.5,266,270.75,270.75,23832800
9/23/2019,268.350006,273.390015,261.890015,265.920013,265.920013,13478600
9/24/2019,262.5,265,252.279999,254.589996,254.589996,16338200
9/25/2019,255.710007,266.600006,253.699997,264.75,264.75,11643800
9/26/2019,266.420013,268.049988,260.200012,263.309998,263.309998,7684000
9/27/2019,266.179993,267.440002,260.390015,263.079987,263.079987,7328300
9/30/2019,264,268.880005,262.779999,267.619995,267.619995,6727200
10/1/2019,267.350006,272.200012,264.029999,269.579987,269.579987,8650300
10/2/2019,263.609985,269.350006,262.190002,268.029999,268.029999,7659100
10/3/2019,267.779999,268.839996,257.01001,268.149994,268.149994,8951000
10/4/2019,268.200012,275.480011,266.470001,272.790009,272.790009,9890400
10/7/2019,271.98999,276.679993,271.279999,274.459991,274.459991,6525600
10/8/2019,273.029999,275.529999,270.640015,270.720001,270.720001,6276400
10/9/2019,270.019989,271,264.570007,267.529999,267.529999,6794400
10/10/2019,265.970001,280.529999,265.029999,280.480011,280.480011,10809100
10/11/2019,284.799988,287.869995,282.339996,282.929993,282.929993,8786100
10/14/2019,283.929993,286.929993,282,285.529999,285.529999,5513200
10/15/2019,283.820007,285.869995,279.399994,284.25,284.25,7685600
10/16/2019,283.119995,288.170013,280.73999,286.279999,286.279999,16175900
10/17/2019,304.48999,308.75,288.299988,293.350006,293.350006,38258900
10/18/2019,289.359985,290.899994,273.359985,275.299988,275.299988,23429900
10/21/2019,272.890015,279.940002,269,278.049988,278.049988,12599200
10/22/2019,271.160004,275.410004,265.799988,266.690002,266.690002,11802400
10/23/2019,268.059998,273.920013,266.630005,271.269989,271.269989,7133500
10/24/2019,271.809998,274.019989,268.799988,271.5,271.5,4827400
10/25/2019,270.679993,277.769989,270.179993,276.820007,276.820007,4747800
10/28/2019,278.049988,285.75,277.350006,281.859985,281.859985,6248400
10/29/2019,281.869995,284.410004,277.549988,281.209991,281.209991,4356200
10/30/2019,284.339996,293.48999,283,291.450012,291.450012,9345600
10/31/2019,291,291.450012,284.779999,287.410004,287.410004,5090000
11/1/2019,288.700012,289.119995,283.019989,286.809998,286.809998,5594300
11/4/2019,288,295.390015,287.160004,292.859985,292.859985,5566200
11/5/2019,289.98999,291.190002,286.309998,288.029999,288.029999,4062400
11/6/2019,288.190002,290.559998,285.839996,288.589996,288.589996,3438300
11/7/2019,290.700012,298.190002,288.269989,289.570007,289.570007,5928500
11/8/2019,288.730011,293.98999,287.51001,291.570007,291.570007,4509000
11/11/2019,289.160004,296.359985,288.5,294.179993,294.179993,3944300
11/12/2019,295.320007,295.350006,288.700012,292.01001,292.01001,5772800
11/13/2019,291.029999,293.410004,281.140015,283.109985,283.109985,9158900
11/14/2019,283.25,290.630005,283.220001,289.619995,289.619995,6529000
11/15/2019,290.589996,295.820007,287.570007,295.029999,295.029999,6333800
11/18/2019,296,304.98999,293.279999,302.570007,302.570007,8616600
11/19/2019,304.01001,305.670013,298.519989,302.600006,302.600006,5918000
11/20/2019,301.01001,308.25,301,305.160004,305.160004,5111800
11/21/2019,306,312.690002,304.26001,311.690002,311.690002,7488400
11/22/2019,309.100006,311.399994,304.410004,310.480011,310.480011,5970100
11/25/2019,308.829987,315.730011,305.25,315.549988,315.549988,7873900
11/26/2019,315,316.5,311.690002,312.48999,312.48999,5321000
11/27/2019,313.929993,316.820007,312.75,315.929993,315.929993,4096900
11/29/2019,315.779999,316.619995,313.339996,314.660004,314.660004,2411700
12/2/2019,314.390015,314.390015,303.75,309.98999,309.98999,6218800
12/3/2019,302.220001,307.359985,301.880005,306.160004,306.160004,4992800
12/4/2019,308.429993,308.429993,303.269989,304.320007,304.320007,3512100
12/5/2019,305.269989,306.480011,298.809998,302.859985,302.859985,4615500
12/6/2019,304.700012,307.850006,302.600006,307.350006,307.350006,4457800
12/9/2019,307.350006,311.48999,302.440002,302.5,302.5,5748400
12/10/2019,296.119995,298.940002,292.019989,293.119995,293.119995,10476100
12/11/2019,294.48999,299.429993,294.200012,298.929993,298.929993,5589800
12/12/2019,295.670013,299.170013,295.059998,298.440002,298.440002,4766600
12/13/2019,298.5,301.799988,297.25,298.5,298.5,3879700
12/16/2019,300.850006,305.709991,298.630005,304.209991,304.209991,4658900
